{
    "$schema": "https://schema.management.azure.com/schemas/2015-01-01/deploymentParameters.json#",
    "contentVersion": "1.0.0.0",
    "parameters": {
        "workflows_PayModeLA_name": {
            "value": null
        },
        "sites_pgpEnciptionFunc_externalid": {
            "value": null
        },
        "sites_FilePathFinder_externalid": {
            "value": null
        },
        "sites_LoggingFuncApp_externalid": {
            "value": null
        },
        "connections_azureblob_1_externalid": {
            "value": null
        },
        "connections_azurefile_externalid": {
            "value": null
        },
        "connections_azureloganalyticsdatacollector_externalid": {
            "value": null
        }
    }
}