{
    "$schema": "https://schema.management.azure.com/schemas/2019-04-01/deploymentTemplate.json#",
    "contentVersion": "1.0.0.0",
    "parameters": {
        "workflows_PayModeLA_name": {
            "defaultValue": "PayModeLA",
            "type": "String"
        },
        "sites_pgpEnciptionFunc_externalid": {
            "defaultValue": "/subscriptions/9bfc5f82-4783-4572-a620-41f1e5371516/resourceGroups/POC-RG/providers/Microsoft.Web/sites/pgpEnciptionFunc",
            "type": "String"
        },
        "sites_FilePathFinder_externalid": {
            "defaultValue": "/subscriptions/9bfc5f82-4783-4572-a620-41f1e5371516/resourceGroups/POC-RG/providers/Microsoft.Web/sites/FilePathFinder",
            "type": "String"
        },
        "sites_LoggingFuncApp_externalid": {
            "defaultValue": "/subscriptions/9bfc5f82-4783-4572-a620-41f1e5371516/resourceGroups/POC-RG/providers/Microsoft.Web/sites/LoggingFuncApp",
            "type": "String"
        },
        "connections_azureblob_1_externalid": {
            "defaultValue": "/subscriptions/9bfc5f82-4783-4572-a620-41f1e5371516/resourceGroups/POC-RG/providers/Microsoft.Web/connections/azureblob-1",
            "type": "String"
        },
        "connections_azurefile_externalid": {
            "defaultValue": "/subscriptions/9bfc5f82-4783-4572-a620-41f1e5371516/resourceGroups/POC-RG/providers/Microsoft.Web/connections/azurefile",
            "type": "String"
        },
        "connections_azureloganalyticsdatacollector_externalid": {
            "defaultValue": "/subscriptions/9bfc5f82-4783-4572-a620-41f1e5371516/resourceGroups/POC-RG/providers/Microsoft.Web/connections/azureloganalyticsdatacollector",
            "type": "String"
        }
    },
    "variables": {},
    "resources": [
        {
            "type": "Microsoft.Logic/workflows",
            "apiVersion": "2017-07-01",
            "name": "[parameters('workflows_PayModeLA_name')]",
            "location": "northcentralus",
            "properties": {
                "state": "Enabled",
                "definition": {
                    "$schema": "https://schema.management.azure.com/providers/Microsoft.Logic/schemas/2016-06-01/workflowdefinition.json#",
                    "contentVersion": "1.0.0.0",
                    "parameters": {
                        "$connections": {
                            "defaultValue": {},
                            "type": "Object"
                        }
                    },
                    "triggers": {
                        "When_a_file_is_added_or_modified_": {
                            "recurrence": {
                                "frequency": "Month",
                                "interval": 12
                            },
                            "evaluatedRecurrence": {
                                "frequency": "Month",
                                "interval": 12
                            },
                            "splitOn": "@triggerBody()",
                            "metadata": {
                                "JTJmaW5wdXQ=": "/input"
                            },
                            "type": "ApiConnection",
                            "inputs": {
                                "host": {
                                    "connection": {
                                        "name": "@parameters('$connections')['azureblob_1']['connectionId']"
                                    }
                                },
                                "method": "get",
                                "path": "/v2/datasets/@{encodeURIComponent(encodeURIComponent('AccountNameFromSettings'))}/triggers/batch/onupdatedfile",
                                "queries": {
                                    "checkBothCreatedAndModifiedDateTime": false,
                                    "folderId": "JTJmaW5wdXQ=",
                                    "maxFileCount": 10
                                }
                            }
                        }
                    },
                    "actions": {
                        "Archive_File": {
                            "runAfter": {
                                "Get_blob_Content": [
                                    "Succeeded"
                                ]
                            },
                            "type": "ApiConnection",
                            "inputs": {
                                "body": "@body('Get_blob_Content')",
                                "headers": {
                                    "ReadFileMetadataFromServer": true
                                },
                                "host": {
                                    "connection": {
                                        "name": "@parameters('$connections')['azureblob_1']['connectionId']"
                                    }
                                },
                                "method": "post",
                                "path": "/v2/datasets/@{encodeURIComponent(encodeURIComponent('AccountNameFromSettings'))}/files",
                                "queries": {
                                    "folderPath": "/archive",
                                    "name": "@{substring(triggerBody()?['Name'],0,sub(length(triggerBody()?['Name']),4))}_@{addMinutes(utcNow(),330,'yyyyMMddHHmmss')}.txt",
                                    "queryParametersSingleEncoded": true
                                }
                            },
                            "runtimeConfiguration": {
                                "contentTransfer": {
                                    "transferMode": "Chunked"
                                }
                            }
                        },
                        "Create_Correlation_ID": {
                            "runAfter": {},
                            "type": "Compose",
                            "inputs": "@{substring(triggerBody()?['Name'],0,sub(length(triggerBody()?['Name']),4))}_@{workflow()['run']['name']}"
                        },
                        "Delete_File": {
                            "runAfter": {
                                "Logging_Send": [
                                    "Succeeded"
                                ]
                            },
                            "type": "ApiConnection",
                            "inputs": {
                                "headers": {
                                    "SkipDeleteIfFileNotFoundOnServer": false
                                },
                                "host": {
                                    "connection": {
                                        "name": "@parameters('$connections')['azureblob_1']['connectionId']"
                                    }
                                },
                                "method": "delete",
                                "path": "/v2/datasets/@{encodeURIComponent(encodeURIComponent('AccountNameFromSettings'))}/files/@{encodeURIComponent(encodeURIComponent(triggerBody()?['Id']))}"
                            }
                        },
                        "Encrypt": {
                            "runAfter": {
                                "Get_Destination_Folder_": [
                                    "Succeeded"
                                ]
                            },
                            "type": "Function",
                            "inputs": {
                                "body": "@body('Get_blob_Content')",
                                "function": {
                                    "id": "[concat(parameters('sites_pgpEnciptionFunc_externalid'), '/functions/SignandEncrypt')]"
                                },
                                "method": "POST",
                                "queries": {
                                    "req": "encrypt"
                                }
                            }
                        },
                        "Get_Destination_Folder_": {
                            "runAfter": {
                                "Archive_File": [
                                    "Succeeded"
                                ]
                            },
                            "type": "Function",
                            "inputs": {
                                "body": "@triggerBody()?['Name']",
                                "function": {
                                    "id": "[concat(parameters('sites_FilePathFinder_externalid'), '/functions/HttpTrigger1')]"
                                }
                            }
                        },
                        "Get_blob_Content": {
                            "runAfter": {
                                "Send_Data_to_Log_Analytics_directly": [
                                    "Succeeded"
                                ]
                            },
                            "type": "ApiConnection",
                            "inputs": {
                                "host": {
                                    "connection": {
                                        "name": "@parameters('$connections')['azureblob_1']['connectionId']"
                                    }
                                },
                                "method": "get",
                                "path": "/v2/datasets/@{encodeURIComponent(encodeURIComponent('AccountNameFromSettings'))}/files/@{encodeURIComponent(encodeURIComponent(triggerBody()?['Id']))}/content",
                                "queries": {
                                    "inferContentType": true
                                }
                            }
                        },
                        "Log_Delete_File": {
                            "runAfter": {
                                "Delete_File": [
                                    "Succeeded"
                                ]
                            },
                            "type": "Function",
                            "inputs": {
                                "body": {
                                    "CorrelationID": "@{outputs('Create_Correlation_ID')}",
                                    "LogDateTime": "@{addMinutes(utcNow(),330,'yyyy-MM-ddTHH:mm:ss')}",
                                    "LogKey": "Test Key",
                                    "LogType": "Information",
                                    "LogValue": "@{triggerBody()?['Name']} deleted sucessfully",
                                    "ParentCorrelationID": "001"
                                },
                                "function": {
                                    "id": "[concat(parameters('sites_LoggingFuncApp_externalid'), '/functions/CustomLogHTTPClient')]"
                                }
                            }
                        },
                        "Logging_Function": {
                            "runAfter": {
                                "Create_Correlation_ID": [
                                    "Succeeded"
                                ]
                            },
                            "type": "Function",
                            "inputs": {
                                "body": {
                                    "CorrelationID": "@{outputs('Create_Correlation_ID')}",
                                    "LogDateTime": "@{addMinutes(utcNow(),330,'yyyy-MM-ddTHH:mm:ss')}",
                                    "LogKey": "Flow Started with file",
                                    "LogType": "Information",
                                    "LogValue": "@{triggerBody()?['Name']} Received",
                                    "ParentCorrelationID": "@{workflow()['run']['name']}"
                                },
                                "function": {
                                    "id": "[concat(parameters('sites_LoggingFuncApp_externalid'), '/functions/CustomLogHTTPClient')]"
                                }
                            }
                        },
                        "Logging_Send": {
                            "runAfter": {
                                "Send_Files_to_File_Share": [
                                    "Succeeded"
                                ]
                            },
                            "type": "Function",
                            "inputs": {
                                "body": {
                                    "CorrelationID": "@{outputs('Create_Correlation_ID')}",
                                    "LogDateTime": "@{addMinutes(utcNow(),330,'yyyy-MM-ddTHH:mm:ss')}",
                                    "LogKey": "Test Key",
                                    "LogType": "Information",
                                    "LogValue": "@{triggerBody()?['Name']} sent sucessfully",
                                    "ParentCorrelationID": "001"
                                },
                                "function": {
                                    "id": "[concat(parameters('sites_LoggingFuncApp_externalid'), '/functions/CustomLogHTTPClient')]"
                                }
                            }
                        },
                        "Send_Data_to_Log_Analytics_directly": {
                            "runAfter": {
                                "Logging_Function": [
                                    "Succeeded"
                                ]
                            },
                            "type": "ApiConnection",
                            "inputs": {
                                "body": "{\n  \"CorrelationID\": \"@{outputs('Create_Correlation_ID')}\",\n  \"LogDateTime\": \"@{addMinutes(utcNow(),330,'yyyy-MM-ddTHH:mm:ss')}\",\n  \"LogKey\": \"Flow Started with file\",\n  \"LogType\": \"Information\",\n  \"LogValue\": \"@{triggerBody()?['Name']} Received\",\n  \"ParentCorrelationID\": \"@{workflow()['run']['name']}\"\n}",
                                "headers": {
                                    "Log-Type": "paymod",
                                    "time-generated-field": "@{utcNow()}"
                                },
                                "host": {
                                    "connection": {
                                        "name": "@parameters('$connections')['azureloganalyticsdatacollector']['connectionId']"
                                    }
                                },
                                "method": "post",
                                "path": "/api/logs"
                            }
                        },
                        "Send_Files_to_File_Share": {
                            "runAfter": {
                                "Sign": [
                                    "Succeeded"
                                ]
                            },
                            "type": "ApiConnection",
                            "inputs": {
                                "body": "@body('Sign')",
                                "headers": {
                                    "ReadFileMetadataFromServer": true
                                },
                                "host": {
                                    "connection": {
                                        "name": "@parameters('$connections')['azurefile']['connectionId']"
                                    }
                                },
                                "method": "post",
                                "path": "/datasets/default/files",
                                "queries": {
                                    "folderPath": "/@{body('Get_Destination_Folder_')}",
                                    "name": "@{substring(triggerBody()?['Name'],0,sub(length(triggerBody()?['Name']),4))}_@{addMinutes(utcNow(),330,'yyyyMMddHHmmss')}.txt",
                                    "queryParametersSingleEncoded": true
                                }
                            },
                            "runtimeConfiguration": {
                                "contentTransfer": {
                                    "transferMode": "Chunked"
                                }
                            }
                        },
                        "Sign": {
                            "runAfter": {
                                "Encrypt": [
                                    "Succeeded"
                                ]
                            },
                            "type": "Function",
                            "inputs": {
                                "body": "@body('Encrypt')",
                                "function": {
                                    "id": "[concat(parameters('sites_pgpEnciptionFunc_externalid'), '/functions/SignandEncrypt')]"
                                },
                                "queries": {
                                    "req": "sign"
                                }
                            }
                        }
                    },
                    "outputs": {}
                },
                "parameters": {
                    "$connections": {
                        "value": {
                            "azureblob_1": {
                                "connectionId": "[parameters('connections_azureblob_1_externalid')]",
                                "connectionName": "azureblob-1",
                                "id": "/subscriptions/9bfc5f82-4783-4572-a620-41f1e5371516/providers/Microsoft.Web/locations/northcentralus/managedApis/azureblob"
                            },
                            "azurefile": {
                                "connectionId": "[parameters('connections_azurefile_externalid')]",
                                "connectionName": "azurefile",
                                "id": "/subscriptions/9bfc5f82-4783-4572-a620-41f1e5371516/providers/Microsoft.Web/locations/northcentralus/managedApis/azurefile"
                            },
                            "azureloganalyticsdatacollector": {
                                "connectionId": "[parameters('connections_azureloganalyticsdatacollector_externalid')]",
                                "connectionName": "azureloganalyticsdatacollector",
                                "id": "/subscriptions/9bfc5f82-4783-4572-a620-41f1e5371516/providers/Microsoft.Web/locations/northcentralus/managedApis/azureloganalyticsdatacollector"
                            }
                        }
                    }
                }
            }
        }
    ]
}