{
    "$schema": "https://schema.management.azure.com/schemas/2019-04-01/deploymentTemplate.json#",
    "contentVersion": "1.0.0.0",
    "parameters": {
        "workflows_pospayla_name": {
            "defaultValue": "pospayla",
            "type": "String"
        },
        "sites_LoggingFuncApp_externalid": {
            "defaultValue": "/subscriptions/9bfc5f82-4783-4572-a620-41f1e5371516/resourceGroups/POC-RG/providers/Microsoft.Web/sites/LoggingFuncApp",
            "type": "String"
        }
    },
    "variables": {},
    "resources": [
        {
            "type": "Microsoft.Logic/workflows",
            "apiVersion": "2017-07-01",
            "name": "[parameters('workflows_pospayla_name')]",
            "location": "northcentralus",
            "properties": {
                "state": "Enabled",
                "definition": {
                    "$schema": "https://schema.management.azure.com/providers/Microsoft.Logic/schemas/2016-06-01/workflowdefinition.json#",
                    "contentVersion": "1.0.0.0",
                    "parameters": {},
                    "triggers": {
                        "request": {
                            "type": "Request",
                            "kind": "Http",
                            "inputs": {
                                "schema": {
                                    "properties": {
                                        "CorrelationID": {
                                            "type": "string"
                                        },
                                        "LogKey": {
                                            "type": "string"
                                        },
                                        "LogType": {
                                            "type": "string"
                                        },
                                        "LogValue": {
                                            "type": "string"
                                        },
                                        "ParentCorrelationID": {
                                            "type": "string"
                                        }
                                    },
                                    "type": "object"
                                }
                            }
                        }
                    },
                    "actions": {
                        "CustomLogHTTPClient": {
                            "runAfter": {},
                            "type": "Function",
                            "inputs": {
                                "body": {
                                    "CorrelationID": "@triggerBody()?['CorrelationID']",
                                    "LogDateTime": "@utcNow()",
                                    "LogKey": "@triggerBody()?['LogKey']",
                                    "LogType": "@triggerBody()?['LogType']",
                                    "LogValue": "@triggerBody()?['LogValue']",
                                    "ParentCorrelationID": "@triggerBody()?['ParentCorrelationID']"
                                },
                                "function": {
                                    "id": "[concat(parameters('sites_LoggingFuncApp_externalid'), '/functions/CustomLogHTTPClient')]"
                                }
                            }
                        },
                        "Response": {
                            "runAfter": {
                                "CustomLogHTTPClient": [
                                    "Succeeded"
                                ]
                            },
                            "type": "Response",
                            "inputs": {
                                "statusCode": 200
                            }
                        }
                    },
                    "outputs": {}
                },
                "parameters": {}
            }
        }
    ]
}